{
  "timestamp": "2026-02-14T16:30:29.207786",
  "args": {
    "batch_size": 64,
    "epochs": 30,
    "lr": 0.0001,
    "window_size": 1024,
    "step_size": 512,
    "patch_size": 64,
    "mask_ratio": 0.55,
    "out_dir": "ablation_results",
    "device": "cuda",
    "wecg_root": "/root/autodl-tmp/wECG_dataset_npy/",
    "retrain_all": true
  },
  "results": [
    {
      "config_name": "pm0_po0",
      "peak_mask": false,
      "patch_overlap": false,
      "best_test_loss": 0.3849437522888184,
      "final_train_loss": 0.38316457407891485,
      "final_test_loss": 0.3893998599052429,
      "train_losses": [
        0.5197403511124341,
        0.49154992181089424,
        0.48782192778694256,
        0.48840417375479045,
        0.47983326225002787,
        0.46720607291422617,
        0.4559735141260207,
        0.4439782199570951,
        0.43612470541299725,
        0.4327378794216789,
        0.4278357174631726,
        0.4195204163346055,
        0.4127223865868265,
        0.41015767676947895,
        0.4067233013732551,
        0.4047292993474969,
        0.3987755613743992,
        0.39713374234635734,
        0.3950614939890635,
        0.39315844330552446,
        0.39257636064905754,
        0.38904603580722896,
        0.38782884748527285,
        0.3869669935895723,
        0.386218527640997,
        0.3845707632501029,
        0.3837328153608091,
        0.3849310618344978,
        0.38520501119673517,
        0.38316457407891485
      ],
      "test_losses": [
        0.49725728392601015,
        0.4961860716342926,
        0.4862160968780518,
        0.48570348262786867,
        0.4756486618518829,
        0.4658651924133301,
        0.4546468114852905,
        0.44542855143547055,
        0.436068959236145,
        0.4307318556308746,
        0.4226687157154083,
        0.41867674589157106,
        0.4071953558921814,
        0.4076027858257294,
        0.40592198133468627,
        0.4017625415325165,
        0.4058260977268219,
        0.4004160535335541,
        0.40521010756492615,
        0.3924859368801117,
        0.3957121455669403,
        0.3947557735443115,
        0.39067646384239196,
        0.3967226791381836,
        0.38630826473236085,
        0.3874468779563904,
        0.39416433811187745,
        0.3849437522888184,
        0.38552239060401916,
        0.3893998599052429
      ]
    },
    {
      "config_name": "pm0_po1",
      "peak_mask": false,
      "patch_overlap": true,
      "best_test_loss": 0.23479833006858825,
      "final_train_loss": 0.2353259027004242,
      "final_test_loss": 0.23612941145896912,
      "train_losses": [
        0.4752106953896749,
        0.4042650513317553,
        0.38329254204382274,
        0.3677829735214935,
        0.35400043541540477,
        0.3431738645773832,
        0.32986882876922197,
        0.31690815933082134,
        0.30543872714042664,
        0.29630967346542086,
        0.2884427851625622,
        0.2808906309005926,
        0.2751072368546986,
        0.2693396028916397,
        0.264906742580803,
        0.26039110558449957,
        0.25567560773259324,
        0.2526490103637156,
        0.2492231050414355,
        0.24649370057433176,
        0.24416749119224035,
        0.2422043353720096,
        0.24043558397635217,
        0.23897139226909175,
        0.2382024578716723,
        0.23688965481225685,
        0.2364847221716637,
        0.23512761635630655,
        0.23557122058397986,
        0.2353259027004242
      ],
      "test_losses": [
        0.4238403081893921,
        0.39530870199203494,
        0.3754892885684967,
        0.36346078395843506,
        0.35025899291038515,
        0.33856379985809326,
        0.32681407809257507,
        0.31227696061134336,
        0.3024966096878052,
        0.2924918353557587,
        0.2862501096725464,
        0.2782046782970429,
        0.2719955086708069,
        0.2672797691822052,
        0.2629020893573761,
        0.25574093401432035,
        0.2547729527950287,
        0.2514600592851639,
        0.24771154284477234,
        0.24628072798252107,
        0.2454440575838089,
        0.24241480886936187,
        0.239237157702446,
        0.23995151698589326,
        0.23901948034763337,
        0.2385708373785019,
        0.23578989505767822,
        0.2353443956375122,
        0.23479833006858825,
        0.23612941145896912
      ]
    },
    {
      "config_name": "pm1_po0",
      "peak_mask": true,
      "patch_overlap": false,
      "best_test_loss": 0.3832690095901489,
      "final_train_loss": 0.38432709304741147,
      "final_test_loss": 0.3865500402450561,
      "train_losses": [
        0.5291413378822429,
        0.500998136574912,
        0.4908505341397273,
        0.48727196201080697,
        0.4859638532180957,
        0.48160866183550366,
        0.4628244177375674,
        0.4558733266030726,
        0.44476659776383987,
        0.4367735438015429,
        0.4308172940138744,
        0.42544685671682314,
        0.41954377908343155,
        0.4135596426078557,
        0.4070499377667637,
        0.40447089998176816,
        0.4017907498663316,
        0.39906106521730467,
        0.39627784477221056,
        0.3930996093782074,
        0.3925215843814371,
        0.38990847585981736,
        0.3877698171031849,
        0.38821306263384797,
        0.38583960995545835,
        0.38535852964148926,
        0.3842168122930912,
        0.3846245148791326,
        0.3847860017699511,
        0.38432709304741147
      ],
      "test_losses": [
        0.5237181162834168,
        0.49409621000289916,
        0.48724946022033694,
        0.48768028020858767,
        0.482794383764267,
        0.48217000484466555,
        0.46070765137672426,
        0.45560733914375307,
        0.4491257894039154,
        0.4423462378978729,
        0.4347084617614746,
        0.42012280702590943,
        0.42302668452262876,
        0.41718874096870423,
        0.41380460262298585,
        0.4052959477901459,
        0.40222862124443054,
        0.40158690452575685,
        0.39994091987609864,
        0.39985791087150574,
        0.39107103943824767,
        0.3932190442085266,
        0.3899534845352173,
        0.38794570326805117,
        0.3866764557361603,
        0.3923731970787048,
        0.3888483941555023,
        0.39335387229919433,
        0.3832690095901489,
        0.3865500402450561
      ]
    },
    {
      "config_name": "pm1_po1",
      "peak_mask": true,
      "patch_overlap": true,
      "best_test_loss": 0.23698847591876984,
      "final_train_loss": 0.23703296328873913,
      "final_test_loss": 0.23698847591876984,
      "train_losses": [
        0.477320375330245,
        0.40702514864938677,
        0.38245215784808445,
        0.3650012341048151,
        0.3524389119960802,
        0.34256441817689903,
        0.3299128236792013,
        0.31562082663245267,
        0.304110419322557,
        0.29396216364184835,
        0.2863868203665644,
        0.2793076309655279,
        0.2737249123943226,
        0.2690152719683711,
        0.2649279006928072,
        0.26075437872131846,
        0.25735737423458444,
        0.25440010314832356,
        0.25097728229958916,
        0.2479260744936263,
        0.24546518487513333,
        0.2440040405555691,
        0.24206589102210485,
        0.24002319407302702,
        0.23959123774227006,
        0.23807752092322962,
        0.23818511900078557,
        0.23713140463615212,
        0.2369201943746062,
        0.23703296328873913
      ],